average_reward,loss,learning_rate,buffer_size,epoch
-3.8168131510416665,120.40885925292969,0.0001,31843,0
-4.4293212890625,133.96530151367188,0.0001,34843,1
-5.1002197265625,164.99769592285156,0.0001,37843,2
-5.490885416666667,155.890625,0.0001,40843,3
-5.634806315104167,159.36651611328125,0.0001,43843,4
-6.0679931640625,165.16107177734375,0.0001,46843,5
-6.296712239583333,169.53611755371094,0.0001,49843,6
-6.089680989583333,156.67874145507812,0.0001,52843,7
-6.257364908854167,165.10794067382812,0.0001,55843,8
-6.121297200520833,163.5985870361328,0.0001,58843,9
-6.0220947265625,147.13613891601562,0.0001,61843,10
-6.181599934895833,158.968017578125,0.0001,64843,11
-6.290934244791667,151.63555908203125,0.0001,67843,12
-6.5543212890625,155.47068786621094,0.0001,70843,13
-6.638346354166667,154.3087158203125,0.0001,73843,14
-6.659261067708333,153.21112060546875,0.0001,76843,15
-6.597900390625,151.05563354492188,0.0001,79843,16
-6.642496744791667,146.32261657714844,0.0001,82843,17
-6.76708984375,149.91368103027344,0.0001,85843,18
-6.898396809895833,148.62196350097656,0.0001,88843,19
-6.7421875,146.23536682128906,0.0001,91843,20
-7.1693115234375,146.254150390625,0.0001,94843,21
-7.070760091145833,142.96322631835938,0.0001,97843,22
-6.9761962890625,141.0610809326172,0.0001,100843,23
-6.895426432291667,136.90618896484375,0.0001,103843,24
-7.032552083333333,132.94778442382812,0.0001,106843,25
-7.089762369791667,128.66043090820312,0.0001,109843,26
-7.281087239583333,132.580322265625,0.0001,112843,27
-7.332763671875,125.69863891601562,0.0001,115843,28
-6.972086588541667,121.59028625488281,0.0001,118843,29
-7.159749348958333,120.9522933959961,0.0001,121843,30
-7.079142252604167,123.46240234375,0.0001,124843,31
-7.004720052083333,123.01870727539062,0.0001,127843,32
-7.200032552083333,120.41619110107422,0.0001,130843,33
-6.9805908203125,116.1068115234375,0.0001,133843,34
-7.2305908203125,120.55961608886719,0.0001,136843,35
-7.090006510416667,113.63203430175781,0.0001,139843,36
-6.996744791666667,112.23054504394531,0.0001,142843,37
-7.04052734375,108.48863220214844,0.0001,145843,38
-7.1153564453125,111.65615844726562,0.0001,148843,39
-7.109822591145833,110.310791015625,0.0001,151843,40
-7.143391927083333,106.88671112060547,0.0001,154843,41
-6.841959635416667,107.67936706542969,0.0001,157843,42
-7.074381510416667,102.90511322021484,0.0001,160843,43
-7.0428466796875,105.4259262084961,0.0001,163843,44
-7.031453450520833,96.86998748779297,0.0001,166843,45
-6.952351888020833,96.52457427978516,0.0001,169843,46
-7.025472005208333,100.55470275878906,0.0001,172843,47
-7.124267578125,92.80036163330078,0.0001,175843,48
-6.776123046875,92.90057373046875,0.0001,178843,49
-6.866658528645833,88.71110534667969,0.0001,181843,50
-6.964314778645833,90.49263000488281,0.0001,184843,51
-6.841878255208333,90.2047119140625,0.0001,187843,52
-6.957560221354167,91.45948028564453,0.0001,190843,53
-6.945149739583333,87.0190658569336,0.0001,193843,54
-6.9688720703125,85.93038940429688,0.0001,196843,55
-7.0576171875,80.84471130371094,0.0001,199843,56
-6.7476806640625,84.76034545898438,0.0001,202843,57
-6.769205729166667,85.8101577758789,0.0001,205843,58
-6.69873046875,77.94495391845703,0.0001,208843,59
-6.7265625,76.17393493652344,0.0001,211843,60
-6.838541666666667,77.89277648925781,0.0001,214843,61
-6.856119791666667,78.8336410522461,0.0001,217843,62
-6.941324869791667,77.32862091064453,0.0001,220843,63
-6.4080810546875,74.37975311279297,0.0001,223843,64
-6.813883463541667,75.48098754882812,0.0001,226843,65
-6.8316650390625,68.34069061279297,0.0001,229843,66
-6.721516927083333,73.23672485351562,0.0001,232843,67
-6.7454833984375,70.10447692871094,0.0001,235843,68
-7.022013346354167,72.19620513916016,0.0001,238843,69
-6.86865234375,72.19942474365234,0.0001,241843,70
-6.698038736979167,68.45042419433594,0.0001,244843,71
-6.711140950520833,68.1766128540039,0.0001,247843,72
-6.656331380208333,68.45655822753906,0.0001,250843,73
-6.654744466145833,64.24583435058594,0.0001,253843,74
-6.659138997395833,66.68858337402344,0.0001,256843,75
-6.448567708333333,59.936832427978516,0.0001,259843,76
-6.521484375,62.991607666015625,0.0001,262843,77
-6.5189208984375,61.37401580810547,0.0001,265843,78
-6.481730143229167,59.913814544677734,0.0001,268843,79
-6.576619466145833,60.713829040527344,0.0001,271843,80
-6.5201416015625,58.60466384887695,0.0001,274843,81
-6.4180908203125,57.309471130371094,0.0001,277843,82
-6.448567708333333,52.918678283691406,0.0001,280843,83
-6.73876953125,58.22673797607422,0.0001,283843,84
-6.556355794270833,56.85790252685547,0.0001,286843,85
-6.523518880208333,54.08003234863281,0.0001,289843,86
-6.3399658203125,53.01056671142578,0.0001,292843,87
-6.654134114583333,53.831077575683594,0.0001,295843,88
-6.623453776041667,54.28245162963867,0.0001,298843,89
-6.32177734375,52.757972717285156,0.0001,301843,90
-6.64404296875,49.93293380737305,0.0001,304843,91
-6.304850260416667,49.13018798828125,0.0001,307843,92
-6.343505859375,50.71377944946289,0.0001,310843,93
-6.402180989583333,48.49753189086914,0.0001,313843,94
-6.5101318359375,46.64826202392578,0.0001,316843,95
-6.2545166015625,43.64879608154297,0.0001,319843,96
-6.322062174479167,44.234127044677734,0.0001,322843,97
-6.339518229166667,44.31732177734375,0.0001,325843,98
-6.236002604166667,44.74925994873047,0.0001,328843,99
-6.0909423828125,46.7523193359375,0.0001,331843,100
-6.088785807291667,44.25701904296875,9e-05,334843,101
-6.0791015625,43.234134674072266,9e-05,337843,102
-6.344482421875,44.3201904296875,9e-05,340843,103
-6.16357421875,44.1641845703125,9e-05,343843,104
-6.386637369791667,45.28687286376953,9e-05,346843,105
-6.48828125,45.85273742675781,9e-05,349843,106
-6.236775716145833,43.08332061767578,9e-05,352843,107
-6.1866455078125,45.86781311035156,9e-05,355843,108
-6.25,42.65180969238281,9e-05,358843,109
-6.013712565104167,44.1083984375,9e-05,361843,110
-5.977294921875,42.224266052246094,9e-05,364843,111
-6.03369140625,44.32256317138672,9e-05,367843,112
-6.1458740234375,43.44464111328125,9e-05,370843,113
-6.068155924479167,42.886924743652344,9e-05,373843,114
-6.0125732421875,44.46173858642578,9e-05,376843,115
-6.0208740234375,45.868072509765625,9e-05,379843,116
-6.095703125,43.2089729309082,9e-05,382843,117
-5.946451822916667,42.138145446777344,9e-05,385843,118
-6.0943603515625,43.90934371948242,9e-05,388843,119
-6.0257568359375,42.00792694091797,9e-05,391843,120
-5.918375651041667,42.717472076416016,9e-05,394843,121
-5.992838541666667,41.500953674316406,9e-05,397843,122
-5.9002685546875,43.35526657104492,9e-05,400843,123
-6.025309244791667,43.45726013183594,9e-05,403843,124
-5.7608642578125,44.24967575073242,9e-05,406843,125
-5.949625651041667,44.333702087402344,9e-05,409843,126
-5.748006184895833,42.05955123901367,9e-05,412843,127
-5.760538736979167,43.60093307495117,9e-05,415843,128
-5.69482421875,41.48377227783203,9e-05,418843,129
-5.989298502604167,42.56646728515625,9e-05,421843,130
-5.838826497395833,42.376556396484375,9e-05,424843,131
-5.54443359375,43.172027587890625,9e-05,427843,132
-5.817830403645833,45.124610900878906,9e-05,430843,133
-5.503377278645833,43.492637634277344,9e-05,433843,134
-5.677530924479167,43.75044250488281,9e-05,436843,135
-5.705729166666667,42.50084686279297,9e-05,439843,136
-5.66455078125,40.82212448120117,9e-05,442843,137
-5.499796549479167,40.76041030883789,9e-05,445843,138
-5.782307942708333,42.52339172363281,9e-05,448843,139
-5.593180338541667,39.992366790771484,9e-05,451843,140
-5.903767903645833,43.404903411865234,9e-05,454843,141
-5.680216471354167,40.819610595703125,9e-05,457843,142
-5.532430013020833,41.96604919433594,9e-05,460843,143
-5.804158528645833,41.130592346191406,9e-05,463843,144
-5.5372314453125,43.135459899902344,9e-05,466843,145
-5.634724934895833,41.46015167236328,9e-05,469843,146
-5.68212890625,40.1253776550293,9e-05,472843,147
-5.490519205729167,41.87356948852539,9e-05,475843,148
-5.715087890625,41.64234161376953,9e-05,478843,149
-5.409138997395833,41.312713623046875,9e-05,481843,150
-5.320597330729167,39.58478546142578,9e-05,484843,151
-5.500691731770833,42.976348876953125,9e-05,487843,152
-5.351847330729167,41.58441925048828,9e-05,490843,153
-5.460123697916667,40.93181610107422,9e-05,493843,154
-5.429158528645833,40.02278518676758,9e-05,496843,155
-5.4107666015625,40.68058776855469,9e-05,499843,156
-5.604166666666667,41.298973083496094,9e-05,502843,157
-5.433186848958333,39.242218017578125,9e-05,505843,158
-5.4158935546875,41.91815185546875,9e-05,508843,159
-5.435302734375,40.1387825012207,9e-05,511843,160
-5.419352213541667,42.59408950805664,9e-05,514843,161
-5.325846354166667,38.984092712402344,9e-05,517843,162
-5.223551432291667,39.725311279296875,9e-05,520843,163
-5.199625651041667,39.61235809326172,9e-05,523843,164
-5.2994384765625,39.68324279785156,9e-05,526843,165
-5.216756184895833,39.8516845703125,9e-05,529843,166
-5.242716471354167,39.913108825683594,9e-05,532843,167
-5.201904296875,40.83991241455078,9e-05,535843,168
-5.231730143229167,40.749595642089844,9e-05,538843,169
-5.133341471354167,42.512359619140625,9e-05,541843,170
-5.196818033854167,39.357208251953125,9e-05,544843,171
-5.100789388020833,39.2760009765625,9e-05,547843,172
-5.278483072916667,43.577415466308594,9e-05,550843,173
-5.04833984375,39.93492889404297,9e-05,553843,174
-5.272542317708333,40.1074104309082,9e-05,556843,175
-5.126790364583333,38.09980773925781,9e-05,559843,176
-5.397989908854167,41.34028625488281,9e-05,562843,177
-4.985432942708333,37.51226043701172,9e-05,565843,178
-5.1109619140625,39.0450439453125,9e-05,568843,179
-4.864542643229167,39.43294906616211,9e-05,571843,180
-4.8974609375,40.78691101074219,9e-05,574843,181
-4.9263916015625,37.440006256103516,9e-05,577843,182
-4.912760416666667,40.83283996582031,9e-05,580843,183
-5.078857421875,39.06608581542969,9e-05,583843,184
-4.935831705729167,41.63374328613281,9e-05,586843,185
-4.801310221354167,37.60264587402344,9e-05,589843,186
-4.782307942708333,39.989166259765625,9e-05,592843,187
-4.883585611979167,39.92365264892578,9e-05,595843,188
-4.932291666666667,38.342262268066406,9e-05,598843,189
-4.95166015625,38.36631393432617,9e-05,601843,190
-5.088582356770833,40.5699577331543,9e-05,604843,191
-4.880615234375,39.659454345703125,9e-05,607843,192
-4.853474934895833,39.783119201660156,9e-05,610843,193
-4.807820638020833,39.82970428466797,9e-05,613843,194
-4.797281901041667,39.46184158325195,9e-05,616843,195
-4.803141276041667,38.016605377197266,9e-05,619843,196
-4.665852864583333,38.023658752441406,9e-05,622843,197
-4.634114583333333,38.223968505859375,9e-05,625843,198
-4.760498046875,39.313899993896484,9e-05,628843,199
-4.648885091145833,38.77500915527344,9e-05,631843,200
-4.863362630208333,38.746925354003906,9e-05,634843,201
-4.700642903645833,38.62010192871094,8.1e-05,637843,202
-5.000528971354167,39.66438293457031,8.1e-05,640843,203
-4.727010091145833,37.59540939331055,8.1e-05,643843,204
-4.727213541666667,37.83177185058594,8.1e-05,646843,205
-4.766276041666667,38.75708770751953,8.1e-05,649843,206
-4.813028971354167,40.17532730102539,8.1e-05,652843,207
-4.690226236979167,38.16360855102539,8.1e-05,655843,208
-4.558186848958333,37.497650146484375,8.1e-05,658843,209
-4.633341471354167,39.614707946777344,8.1e-05,661843,210
-4.731363932291667,38.10343933105469,8.1e-05,664843,211
-4.544392903645833,38.973785400390625,8.1e-05,667843,212
-4.685791015625,39.198753356933594,8.1e-05,670843,213
-4.535888671875,40.009422302246094,8.1e-05,673843,214
-4.278767903645833,38.90772247314453,8.1e-05,676843,215
-4.45068359375,36.74105453491211,8.1e-05,679843,216
-4.515177408854167,40.12559509277344,8.1e-05,682843,217
-4.445231119791667,39.23916244506836,8.1e-05,685843,218
-4.372233072916667,36.95367431640625,8.1e-05,688843,219
-4.415568033854167,37.67158508300781,8.1e-05,691843,220
-4.526611328125,38.406612396240234,8.1e-05,694843,221
-4.352701822916667,38.032066345214844,8.1e-05,697843,222
-4.486897786458333,39.25205993652344,8.1e-05,700843,223
-4.402872721354167,37.466835021972656,8.1e-05,703843,224
-4.377522786458333,38.001060485839844,8.1e-05,706843,225
-4.241170247395833,37.21723556518555,8.1e-05,709843,226
-4.2296142578125,37.190711975097656,8.1e-05,712843,227
-4.107137044270833,38.66044616699219,8.1e-05,715843,228
-4.117635091145833,37.159305572509766,8.1e-05,718843,229
-4.213582356770833,38.00198745727539,8.1e-05,721843,230
-4.2684326171875,36.29386901855469,8.1e-05,724843,231
-4.049031575520833,36.342979431152344,8.1e-05,727843,232
-3.8571370442708335,36.67032241821289,8.1e-05,730843,233
-4.252197265625,37.01873779296875,8.1e-05,733843,234
-4.066731770833333,36.50971221923828,8.1e-05,736843,235
-4.072509765625,35.48413848876953,8.1e-05,739843,236
-4.1058349609375,36.95566940307617,8.1e-05,742843,237
-4.141520182291667,36.61384582519531,8.1e-05,745843,238
-4.063761393229167,35.48912811279297,8.1e-05,748843,239
-4.284871419270833,38.0079345703125,8.1e-05,751843,240
-4.17578125,37.58673095703125,8.1e-05,754843,241
-4.0704345703125,36.91242218017578,8.1e-05,757843,242
-3.9837239583333335,36.38102722167969,8.1e-05,760843,243
-4.091796875,36.474830627441406,8.1e-05,763843,244
-4.0780029296875,36.51066589355469,8.1e-05,766843,245
-4.093424479166667,36.76888656616211,8.1e-05,769843,246
-4.050862630208333,37.7588005065918,8.1e-05,772843,247
-4.000895182291667,37.74734878540039,8.1e-05,775843,248
-3.8736572265625,35.559539794921875,8.1e-05,778843,249
-3.8328857421875,36.19773483276367,8.1e-05,781843,250
-4.08056640625,36.568138122558594,8.1e-05,784843,251
-3.8689778645833335,36.542396545410156,8.1e-05,787843,252
-4.116170247395833,36.964691162109375,8.1e-05,790843,253
-3.9514973958333335,36.4617919921875,8.1e-05,793843,254
-3.7948404947916665,38.640132904052734,8.1e-05,796843,255
-3.7942708333333335,35.497154235839844,8.1e-05,799843,256
-3.9970703125,36.804298400878906,8.1e-05,802843,257
-3.8900960286458335,37.89680480957031,8.1e-05,805843,258
-3.7686360677083335,35.84284210205078,8.1e-05,808843,259
-3.6388346354166665,35.893287658691406,8.1e-05,811843,260
-3.5564371744791665,34.90044021606445,8.1e-05,814843,261
-3.6471354166666665,35.77357482910156,8.1e-05,817843,262
-3.5101725260416665,35.78298568725586,8.1e-05,820843,263
-3.7621256510416665,37.13616943359375,8.1e-05,823843,264
-3.8313395182291665,34.90753936767578,8.1e-05,826843,265
-3.7235921223958335,35.907840728759766,8.1e-05,829843,266
-3.7607014973958335,35.788185119628906,8.1e-05,832843,267
-3.5277099609375,35.65929412841797,8.1e-05,835843,268
-3.568115234375,35.47224807739258,8.1e-05,838843,269
-3.6896158854166665,33.54418182373047,8.1e-05,841843,270
-3.5428873697916665,36.70659637451172,8.1e-05,844843,271
-3.614990234375,36.19525909423828,8.1e-05,847843,272
-3.67724609375,35.71784973144531,8.1e-05,850843,273
-3.6055501302083335,34.814239501953125,8.1e-05,853843,274
-3.6831868489583335,35.71455764770508,8.1e-05,856843,275
-3.6287841796875,36.602500915527344,8.1e-05,859843,276
-3.6171875,35.364646911621094,8.1e-05,862843,277
-3.6787516276041665,35.99635314941406,8.1e-05,865843,278
-3.4980061848958335,36.40776062011719,8.1e-05,868843,279
-3.65087890625,36.452430725097656,8.1e-05,871843,280
-3.3343505859375,35.31005859375,8.1e-05,874843,281
-3.2825927734375,36.82157516479492,8.1e-05,877843,282
-3.5251871744791665,34.66461181640625,8.1e-05,880843,283
-3.447021484375,35.79560852050781,8.1e-05,883843,284
-3.6178792317708335,36.259796142578125,8.1e-05,886843,285
-3.4867350260416665,36.16957473754883,8.1e-05,889843,286
-3.5474039713541665,36.739173889160156,8.1e-05,892843,287
-3.1901041666666665,36.24639129638672,8.1e-05,895843,288
-3.2585856119791665,35.89019012451172,8.1e-05,898843,289
-3.4609781901041665,32.80083084106445,8.1e-05,901843,290
-3.2264811197916665,33.73945236206055,8.1e-05,904843,291
-3.4125162760416665,35.5429573059082,8.1e-05,907843,292
-3.468017578125,35.7091064453125,8.1e-05,910843,293
-3.3221028645833335,33.46728515625,8.1e-05,913843,294
-3.2131754557291665,33.55257034301758,8.1e-05,916843,295
-3.2624918619791665,35.37639617919922,8.1e-05,919843,296
-3.1001383463541665,33.20771789550781,8.1e-05,922843,297
-3.2731526692708335,33.57234191894531,8.1e-05,925843,298
-3.3107096354166665,33.42755126953125,8.1e-05,928843,299
-3.3599446614583335,33.72234344482422,8.1e-05,931843,300
-3.1059163411458335,33.41644287109375,8.1e-05,934843,301
-3.1808675130208335,33.76263427734375,8.1e-05,937843,302
-3.2067464192708335,33.80329132080078,8.1e-05,940843,303
-3.2107747395833335,34.53923797607422,8.1e-05,943843,304
-3.247802734375,33.792510986328125,8.1e-05,946843,305
-3.1318359375,34.57566833496094,8.1e-05,949843,306
-3.1599527994791665,33.43294906616211,8.1e-05,952843,307
-3.1935221354166665,35.33469009399414,8.1e-05,955843,308
-3.4344075520833335,34.28323745727539,8.1e-05,958843,309
-2.941162109375,35.33222198486328,8.1e-05,961843,310
-2.9806315104166665,33.71858215332031,8.1e-05,964843,311
-3.2000325520833335,35.54906463623047,8.1e-05,967843,312
-3.0036214192708335,34.30812072753906,8.1e-05,970843,313
-3.1370442708333335,33.278568267822266,8.1e-05,973843,314
-3.141357421875,34.138160705566406,8.1e-05,976843,315
-3.15087890625,35.168975830078125,8.1e-05,979843,316
-3.2714029947916665,33.615447998046875,8.1e-05,982843,317
-2.9625651041666665,36.1695556640625,8.1e-05,985843,318
-2.9381917317708335,33.4793586730957,8.1e-05,988843,319
-3.0116373697916665,35.10148620605469,8.1e-05,991843,320
-3.0819905598958335,35.2413215637207,8.1e-05,994843,321
-2.88427734375,33.94105529785156,8.1e-05,997843,322
-2.7390950520833335,32.713809967041016,8.1e-05,1000000,323
-2.9307047526041665,34.10755920410156,8.1e-05,1000000,324
-2.862548828125,33.27705764770508,8.1e-05,1000000,325
-2.9052734375,32.81379318237305,8.1e-05,1000000,326
-2.9788004557291665,32.93476867675781,8.1e-05,1000000,327
-2.7984212239583335,34.55180740356445,8.1e-05,1000000,328
-2.7217203776041665,35.44059753417969,8.1e-05,1000000,329
-2.6458333333333335,34.16669464111328,8.1e-05,1000000,330
-2.7523600260416665,34.51470184326172,8.1e-05,1000000,331
-2.7724609375,33.57221221923828,8.1e-05,1000000,332
-2.6969401041666665,34.95878219604492,8.1e-05,1000000,333
-2.7551676432291665,33.21185302734375,8.1e-05,1000000,334
-3.0209554036458335,35.03167724609375,8.1e-05,1000000,335
-2.5847981770833335,32.65623092651367,8.1e-05,1000000,336
-2.2978515625,33.332115173339844,8.1e-05,1000000,337
-2.5531412760416665,33.093719482421875,8.1e-05,1000000,338
-2.55810546875,34.226863861083984,8.1e-05,1000000,339
-2.665771484375,34.33848571777344,8.1e-05,1000000,340
-2.4657389322916665,32.524845123291016,8.1e-05,1000000,341
-2.5754801432291665,34.31549835205078,8.1e-05,1000000,342
-2.2714029947916665,33.9202766418457,8.1e-05,1000000,343
-2.3449300130208335,33.70195007324219,8.1e-05,1000000,344
-2.3568522135416665,30.78528594970703,8.1e-05,1000000,345
-2.2340494791666665,32.33658218383789,8.1e-05,1000000,346
-2.1764322916666665,31.631267547607422,8.1e-05,1000000,347
-2.2035319010416665,29.891847610473633,8.1e-05,1000000,348
-2.0231119791666665,31.36532974243164,8.1e-05,1000000,349
-2.0716959635416665,31.125713348388672,8.1e-05,1000000,350
-1.91015625,31.997730255126953,8.1e-05,1000000,351
-2.1975504557291665,30.11650276184082,8.1e-05,1000000,352
-2.1398111979166665,32.02766799926758,8.1e-05,1000000,353
-1.9765218098958333,30.20207405090332,8.1e-05,1000000,354
-1.9959716796875,30.85263442993164,8.1e-05,1000000,355
-1.9319254557291667,31.048473358154297,8.1e-05,1000000,356
-2.3039143880208335,33.63510513305664,8.1e-05,1000000,357
-1.8650716145833333,31.58439064025879,8.1e-05,1000000,358
-1.8646240234375,30.584449768066406,8.1e-05,1000000,359
-1.8986409505208333,30.897850036621094,8.1e-05,1000000,360
-1.7795003255208333,32.57489013671875,8.1e-05,1000000,361
-1.8253173828125,31.050888061523438,8.1e-05,1000000,362
-1.81298828125,32.02469253540039,8.1e-05,1000000,363
-1.85791015625,31.869840621948242,8.1e-05,1000000,364
-1.6995442708333333,31.565345764160156,8.1e-05,1000000,365
-1.6254475911458333,31.229652404785156,8.1e-05,1000000,366
-1.7322591145833333,31.063589096069336,8.1e-05,1000000,367
-1.3876546223958333,29.483654022216797,8.1e-05,1000000,368
-1.5536702473958333,30.371963500976562,8.1e-05,1000000,369
-1.4365234375,29.684837341308594,8.1e-05,1000000,370
-1.3952229817708333,30.894357681274414,8.1e-05,1000000,371
-1.5456136067708333,30.002742767333984,8.1e-05,1000000,372
-1.7314453125,32.12430953979492,8.1e-05,1000000,373
-1.3048909505208333,29.24852752685547,8.1e-05,1000000,374
-1.4722493489583333,29.854902267456055,8.1e-05,1000000,375
-1.2947184244791667,29.33218002319336,8.1e-05,1000000,376
-1.6748046875,29.632888793945312,8.1e-05,1000000,377
-1.23193359375,30.553735733032227,8.1e-05,1000000,378
-1.2245279947916667,30.028650283813477,8.1e-05,1000000,379
-1.2086995442708333,28.973613739013672,8.1e-05,1000000,380
-1.1488444010416667,30.29397201538086,8.1e-05,1000000,381
-1.3023274739583333,29.959035873413086,8.1e-05,1000000,382
-1.2740071614583333,29.54214859008789,8.1e-05,1000000,383
-1.1094156901041667,27.82360076904297,8.1e-05,1000000,384
-1.254638671875,30.294696807861328,8.1e-05,1000000,385
-1.142333984375,28.238862991333008,8.1e-05,1000000,386
-0.9001871744791666,28.95376205444336,8.1e-05,1000000,387
-1.1590576171875,30.0880069732666,8.1e-05,1000000,388
-1.08740234375,28.926002502441406,8.1e-05,1000000,389
-1.0525309244791667,28.52910041809082,8.1e-05,1000000,390
-0.8026123046875,27.97430419921875,8.1e-05,1000000,391
-0.926025390625,28.919578552246094,8.1e-05,1000000,392
-1.0059000651041667,29.045372009277344,8.1e-05,1000000,393
-0.7979329427083334,29.094486236572266,8.1e-05,1000000,394
-0.987060546875,28.725160598754883,8.1e-05,1000000,395
-0.9803873697916666,29.629104614257812,8.1e-05,1000000,396
-0.8487548828125,29.16225814819336,8.1e-05,1000000,397
-0.791015625,27.821338653564453,8.1e-05,1000000,398
-0.780517578125,27.427143096923828,8.1e-05,1000000,399
-0.8636067708333334,29.283723831176758,8.1e-05,1000000,400
-0.7041015625,26.327394485473633,8.1e-05,1000000,401
-0.77587890625,27.366195678710938,8.1e-05,1000000,402
-0.8489583333333334,29.722190856933594,8.1e-05,1000000,403
-0.7327067057291666,29.222515106201172,8.1e-05,1000000,404
-0.5862630208333334,27.372133255004883,8.1e-05,1000000,405
-0.516845703125,28.95958709716797,8.1e-05,1000000,406
-0.6268310546875,26.756431579589844,8.1e-05,1000000,407
-0.3363444010416667,27.65407943725586,8.1e-05,1000000,408
-0.5692138671875,26.996183395385742,8.1e-05,1000000,409
-0.4683837890625,28.815649032592773,8.1e-05,1000000,410
-0.3479817708333333,28.222633361816406,8.1e-05,1000000,411
-0.6312255859375,27.419036865234375,8.1e-05,1000000,412
-0.3893636067708333,27.19666290283203,8.1e-05,1000000,413
-0.4686279296875,27.498149871826172,8.1e-05,1000000,414
-0.4140625,27.06841468811035,8.1e-05,1000000,415
-0.3836263020833333,27.951141357421875,8.1e-05,1000000,416
-0.3357340494791667,28.012989044189453,8.1e-05,1000000,417
-0.2566324869791667,28.304443359375,8.1e-05,1000000,418
-0.2396240234375,28.373462677001953,8.1e-05,1000000,419
0.025105794270833332,26.63680648803711,8.1e-05,1000000,420
-0.19905598958333334,27.69089126586914,8.1e-05,1000000,421
-0.16414388020833334,26.54652976989746,8.1e-05,1000000,422
-0.18900553385416666,26.564674377441406,8.1e-05,1000000,423
-0.07491048177083333,25.20047378540039,8.1e-05,1000000,424
-0.18159993489583334,27.79509735107422,8.1e-05,1000000,425
-0.0242919921875,26.631370544433594,8.1e-05,1000000,426
-0.22224934895833334,28.092891693115234,8.1e-05,1000000,427
-0.18961588541666666,26.06229019165039,8.1e-05,1000000,428
0.029703776041666668,25.926822662353516,8.1e-05,1000000,429
-0.0277099609375,26.878509521484375,8.1e-05,1000000,430
0.13944498697916666,26.895401000976562,8.1e-05,1000000,431
0.06595865885416667,26.49013900756836,8.1e-05,1000000,432
-0.10274251302083333,27.073043823242188,8.1e-05,1000000,433
0.2767333984375,26.69835662841797,8.1e-05,1000000,434
0.2867838541666667,25.377826690673828,8.1e-05,1000000,435
0.1285400390625,26.292449951171875,8.1e-05,1000000,436
0.23465983072916666,25.99999237060547,8.1e-05,1000000,437
0.3286946614583333,26.42605209350586,8.1e-05,1000000,438
0.07364908854166667,27.202415466308594,8.1e-05,1000000,439
0.14208984375,25.8592472076416,8.1e-05,1000000,440
0.17631022135416666,27.472728729248047,8.1e-05,1000000,441
0.3817138671875,26.96849822998047,8.1e-05,1000000,442
0.2660725911458333,27.12721061706543,8.1e-05,1000000,443
0.4672444661458333,25.569988250732422,8.1e-05,1000000,444
0.19376627604166666,26.95119857788086,8.1e-05,1000000,445
0.2791341145833333,27.24567222595215,8.1e-05,1000000,446
0.4757080078125,25.96041488647461,8.1e-05,1000000,447
0.4228108723958333,26.969514846801758,8.1e-05,1000000,448
0.5183919270833334,25.702537536621094,8.1e-05,1000000,449
0.5267740885416666,25.89456558227539,8.1e-05,1000000,450
0.5985107421875,25.833036422729492,8.1e-05,1000000,451
0.5314534505208334,25.398710250854492,8.1e-05,1000000,452
0.6045328776041666,26.29051971435547,8.1e-05,1000000,453
0.5288899739583334,25.775075912475586,8.1e-05,1000000,454
0.4866536458333333,25.230575561523438,8.1e-05,1000000,455
0.5489501953125,25.52899169921875,8.1e-05,1000000,456
0.599609375,25.469528198242188,8.1e-05,1000000,457
0.9400227864583334,25.0146541595459,8.1e-05,1000000,458
0.7298990885416666,26.47016716003418,8.1e-05,1000000,459
0.575927734375,25.447660446166992,8.1e-05,1000000,460
0.803466796875,24.568559646606445,8.1e-05,1000000,461
0.7655843098958334,25.546924591064453,8.1e-05,1000000,462
0.8011067708333334,24.236495971679688,8.1e-05,1000000,463
0.8306884765625,26.124788284301758,8.1e-05,1000000,464
0.8549397786458334,25.87347412109375,8.1e-05,1000000,465
0.9646402994791666,25.90147590637207,8.1e-05,1000000,466
0.87060546875,25.880958557128906,8.1e-05,1000000,467
1.0010579427083333,25.73310661315918,8.1e-05,1000000,468
0.8109130859375,26.523683547973633,8.1e-05,1000000,469
0.8990478515625,24.913244247436523,8.1e-05,1000000,470
0.8680013020833334,25.600374221801758,8.1e-05,1000000,471
0.9164632161458334,25.501224517822266,8.1e-05,1000000,472
1.07470703125,24.271522521972656,8.1e-05,1000000,473
1.063720703125,24.9342041015625,8.1e-05,1000000,474
1.103515625,25.486865997314453,8.1e-05,1000000,475
1.1057942708333333,24.543703079223633,8.1e-05,1000000,476
1.0678304036458333,24.360530853271484,8.1e-05,1000000,477
1.2668863932291667,24.162683486938477,8.1e-05,1000000,478
1.2558186848958333,24.13328742980957,8.1e-05,1000000,479
1.2057698567708333,25.457067489624023,8.1e-05,1000000,480
1.1435139973958333,23.910377502441406,8.1e-05,1000000,481
1.2713623046875,23.851295471191406,8.1e-05,1000000,482
1.0624186197916667,23.82565689086914,8.1e-05,1000000,483
1.3900146484375,24.791494369506836,8.1e-05,1000000,484
1.2957763671875,24.754558563232422,8.1e-05,1000000,485
1.4208984375,24.0821533203125,8.1e-05,1000000,486
1.1232503255208333,23.974712371826172,8.1e-05,1000000,487
1.2345377604166667,24.30621337890625,8.1e-05,1000000,488
1.6055094401041667,25.037508010864258,8.1e-05,1000000,489
1.4786783854166667,24.84189224243164,8.1e-05,1000000,490
1.4164632161458333,23.744342803955078,8.1e-05,1000000,491
1.4073079427083333,25.005252838134766,8.1e-05,1000000,492
1.46875,24.55328369140625,8.1e-05,1000000,493
1.5535888671875,23.506683349609375,8.1e-05,1000000,494
1.4406331380208333,24.49970245361328,8.1e-05,1000000,495
1.7108561197916667,23.153852462768555,8.1e-05,1000000,496
1.5330403645833333,25.539932250976562,8.1e-05,1000000,497
1.484619140625,24.52723503112793,8.1e-05,1000000,498
1.5649820963541667,24.144092559814453,8.1e-05,1000000,499
1.5316162109375,23.871740341186523,8.1e-05,1000000,500
1.4959309895833333,23.885486602783203,8.1e-05,1000000,501
1.6964111328125,24.766164779663086,8.1e-05,1000000,502
1.5875651041666667,25.184860229492188,8.1e-05,1000000,503
1.672607421875,22.763080596923828,8.1e-05,1000000,504
1.6879069010416667,24.612056732177734,8.1e-05,1000000,505
1.57568359375,24.42706298828125,8.1e-05,1000000,506
1.7897542317708333,24.389875411987305,8.1e-05,1000000,507
1.7555338541666667,25.20036506652832,8.1e-05,1000000,508
1.9844563802083333,23.99532699584961,8.1e-05,1000000,509
1.7130126953125,22.95223617553711,8.1e-05,1000000,510
1.667724609375,24.562274932861328,8.1e-05,1000000,511
1.7611083984375,25.023670196533203,8.1e-05,1000000,512
1.996337890625,22.91104507446289,8.1e-05,1000000,513
1.9718017578125,23.745662689208984,8.1e-05,1000000,514
1.8550618489583333,24.050521850585938,8.1e-05,1000000,515
1.9615885416666667,23.756301879882812,8.1e-05,1000000,516
1.966552734375,23.179222106933594,8.1e-05,1000000,517
2.0539957682291665,23.09419822692871,8.1e-05,1000000,518
1.8140869140625,24.084890365600586,8.1e-05,1000000,519
2.0416666666666665,22.540111541748047,8.1e-05,1000000,520
2.0856119791666665,23.188278198242188,8.1e-05,1000000,521
2.0760498046875,24.030149459838867,8.1e-05,1000000,522
2.0642903645833335,23.423166275024414,8.1e-05,1000000,523
2.1712239583333335,24.002525329589844,8.1e-05,1000000,524
2.0714925130208335,21.82315444946289,8.1e-05,1000000,525
2.2288411458333335,23.063465118408203,8.1e-05,1000000,526
1.9251302083333333,24.5406494140625,8.1e-05,1000000,527
2.141845703125,23.85986328125,8.1e-05,1000000,528
2.2120768229166665,23.030582427978516,8.1e-05,1000000,529
2.3236490885416665,23.12694549560547,8.1e-05,1000000,530
2.1543782552083335,24.172502517700195,8.1e-05,1000000,531
2.1030680338541665,23.876739501953125,8.1e-05,1000000,532
2.3534749348958335,22.885499954223633,8.1e-05,1000000,533
1.9037679036458333,23.887365341186523,8.1e-05,1000000,534
2.3642171223958335,23.303857803344727,8.1e-05,1000000,535
2.3088785807291665,23.4857177734375,8.1e-05,1000000,536
2.335205078125,23.81418228149414,8.1e-05,1000000,537
2.3977864583333335,23.27544403076172,8.1e-05,1000000,538
2.3676350911458335,23.306312561035156,8.1e-05,1000000,539
2.4320475260416665,24.31417465209961,8.1e-05,1000000,540
2.3551839192708335,23.118011474609375,8.1e-05,1000000,541
2.3720703125,22.91694450378418,8.1e-05,1000000,542
2.5340983072916665,21.680397033691406,8.1e-05,1000000,543
2.3326009114583335,23.819652557373047,8.1e-05,1000000,544
2.5237630208333335,22.70252227783203,8.1e-05,1000000,545
2.56640625,22.31691551208496,8.1e-05,1000000,546
2.4359537760416665,23.9880428314209,8.1e-05,1000000,547
2.4447428385416665,23.04247283935547,8.1e-05,1000000,548
2.54931640625,21.8616886138916,8.1e-05,1000000,549
2.5487874348958335,23.009822845458984,8.1e-05,1000000,550
2.5585530598958335,22.243314743041992,8.1e-05,1000000,551
2.5325520833333335,22.799144744873047,8.1e-05,1000000,552
2.6549479166666665,22.931806564331055,8.1e-05,1000000,553
2.5772705078125,24.016082763671875,8.1e-05,1000000,554
2.5160319010416665,23.751079559326172,8.1e-05,1000000,555
2.6535237630208335,23.775604248046875,8.1e-05,1000000,556
2.6409912109375,23.04120635986328,8.1e-05,1000000,557
2.6390787760416665,23.250904083251953,8.1e-05,1000000,558
2.7685953776041665,22.594650268554688,8.1e-05,1000000,559
2.8214111328125,21.704654693603516,8.1e-05,1000000,560
2.7406412760416665,23.413795471191406,8.1e-05,1000000,561
2.6441650390625,22.713279724121094,8.1e-05,1000000,562
2.7010904947916665,22.352079391479492,8.1e-05,1000000,563
2.7657063802083335,23.574831008911133,8.1e-05,1000000,564
2.7686767578125,23.323135375976562,8.1e-05,1000000,565
2.9741617838541665,21.497390747070312,8.1e-05,1000000,566
2.8012288411458335,23.3415470123291,8.1e-05,1000000,567
2.9212239583333335,22.146770477294922,8.1e-05,1000000,568
2.8584798177083335,22.21787452697754,8.1e-05,1000000,569
2.7795003255208335,22.762954711914062,8.1e-05,1000000,570
2.7147623697916665,22.832035064697266,8.1e-05,1000000,571
2.9641520182291665,22.285619735717773,8.1e-05,1000000,572
2.8475748697916665,22.28106689453125,8.1e-05,1000000,573
2.9540201822916665,22.013137817382812,8.1e-05,1000000,574
3.08984375,21.19333267211914,8.1e-05,1000000,575
2.974609375,22.239227294921875,8.1e-05,1000000,576
2.8880615234375,21.892818450927734,8.1e-05,1000000,577
2.9072265625,21.77451515197754,8.1e-05,1000000,578
3.13916015625,21.871379852294922,8.1e-05,1000000,579
3.0152587890625,22.47435760498047,8.1e-05,1000000,580
3.0609944661458335,21.759117126464844,8.1e-05,1000000,581
3.1503092447916665,21.983081817626953,8.1e-05,1000000,582
2.8149007161458335,22.57030487060547,8.1e-05,1000000,583
3.2959798177083335,22.556461334228516,8.1e-05,1000000,584
2.9615885416666665,22.446104049682617,8.1e-05,1000000,585
3.2767740885416665,21.667095184326172,8.1e-05,1000000,586
3.1249593098958335,21.69717025756836,8.1e-05,1000000,587
3.2130126953125,23.427173614501953,8.1e-05,1000000,588
3.215576171875,23.093563079833984,8.1e-05,1000000,589
3.215576171875,22.676536560058594,8.1e-05,1000000,590
3.208740234375,21.684619903564453,8.1e-05,1000000,591
3.0712076822916665,22.922470092773438,8.1e-05,1000000,592
3.1976725260416665,21.84825897216797,8.1e-05,1000000,593
3.28759765625,22.102975845336914,8.1e-05,1000000,594
3.0797526041666665,22.051856994628906,8.1e-05,1000000,595
3.2267252604166665,22.692394256591797,8.1e-05,1000000,596
3.3168131510416665,22.81647491455078,8.1e-05,1000000,597
3.3660481770833335,22.76544189453125,8.1e-05,1000000,598
3.34423828125,21.894058227539062,8.1e-05,1000000,599
3.230224609375,21.244916915893555,8.1e-05,1000000,600
3.3164469401041665,21.735746383666992,8.1e-05,1000000,601
3.4680582682291665,22.2351016998291,8.1e-05,1000000,602
3.2950439453125,22.214508056640625,8.1e-05,1000000,603
3.365966796875,21.54572296142578,8.1e-05,1000000,604
3.3270670572916665,20.918834686279297,8.1e-05,1000000,605
3.3759358723958335,21.7769718170166,8.1e-05,1000000,606
3.2622884114583335,21.558856964111328,8.1e-05,1000000,607
3.5838216145833335,21.39389991760254,8.1e-05,1000000,608
3.3143310546875,22.267303466796875,8.1e-05,1000000,609
3.3676350911458335,22.566009521484375,8.1e-05,1000000,610
3.5005289713541665,22.463748931884766,8.1e-05,1000000,611
3.4576822916666665,22.008373260498047,8.1e-05,1000000,612
3.5173746744791665,21.607467651367188,8.1e-05,1000000,613
3.4095458984375,22.764869689941406,8.1e-05,1000000,614
3.53662109375,22.208478927612305,8.1e-05,1000000,615
3.70947265625,20.17843246459961,8.1e-05,1000000,616
3.5860595703125,20.758853912353516,8.1e-05,1000000,617
3.5743408203125,21.626327514648438,8.1e-05,1000000,618
3.6381022135416665,21.625898361206055,8.1e-05,1000000,619
3.5668538411458335,22.553056716918945,8.1e-05,1000000,620
3.5415852864583335,22.622085571289062,8.1e-05,1000000,621
3.6131998697916665,22.067733764648438,8.1e-05,1000000,622
3.6349283854166665,21.71412467956543,8.1e-05,1000000,623
3.6889241536458335,21.60295295715332,8.1e-05,1000000,624
3.5133056640625,22.78267478942871,8.1e-05,1000000,625
3.5892740885416665,21.718250274658203,8.1e-05,1000000,626
3.6546630859375,21.555824279785156,8.1e-05,1000000,627
3.8244222005208335,21.743671417236328,8.1e-05,1000000,628
3.7139892578125,21.35255241394043,8.1e-05,1000000,629
3.6666666666666665,21.705753326416016,8.1e-05,1000000,630
3.5998128255208335,22.231136322021484,8.1e-05,1000000,631
3.7770589192708335,21.890605926513672,8.1e-05,1000000,632
3.6967366536458335,21.4528751373291,8.1e-05,1000000,633
3.6392008463541665,22.142452239990234,8.1e-05,1000000,634
3.6761474609375,22.159931182861328,8.1e-05,1000000,635
3.7959391276041665,21.644529342651367,8.1e-05,1000000,636
3.8999430338541665,21.554779052734375,8.1e-05,1000000,637
3.731689453125,21.9422607421875,8.1e-05,1000000,638
3.7432454427083335,22.151241302490234,8.1e-05,1000000,639
3.9235026041666665,21.002567291259766,8.1e-05,1000000,640
3.70166015625,21.99677848815918,8.1e-05,1000000,641
3.8521728515625,21.47575569152832,8.1e-05,1000000,642
3.7937418619791665,21.564929962158203,8.1e-05,1000000,643
3.7862548828125,22.39801025390625,8.1e-05,1000000,644
4.018880208333333,20.99515151977539,8.1e-05,1000000,645
3.9033610026041665,21.47398567199707,8.1e-05,1000000,646
3.8579508463541665,22.07513999938965,8.1e-05,1000000,647
3.9360758463541665,22.28960418701172,8.1e-05,1000000,648
3.9554443359375,21.366649627685547,8.1e-05,1000000,649
3.8612874348958335,21.900753021240234,8.1e-05,1000000,650
3.9976806640625,21.245616912841797,8.1e-05,1000000,651
4.087483723958333,21.798765182495117,8.1e-05,1000000,652
4.007283528645833,21.924091339111328,8.1e-05,1000000,653
3.9281819661458335,21.715084075927734,8.1e-05,1000000,654
3.9190266927083335,21.573083877563477,8.1e-05,1000000,655
4.109944661458333,21.44385528564453,8.1e-05,1000000,656
3.994384765625,20.7551326751709,8.1e-05,1000000,657
4.041788736979167,21.284435272216797,8.1e-05,1000000,658
4.182902018229167,21.123689651489258,8.1e-05,1000000,659
4.116170247395833,21.45069122314453,8.1e-05,1000000,660
4.050577799479167,21.861785888671875,8.1e-05,1000000,661
4.102620442708333,21.852352142333984,8.1e-05,1000000,662
4.127848307291667,21.988449096679688,8.1e-05,1000000,663
4.0560302734375,21.303756713867188,8.1e-05,1000000,664
4.194132486979167,21.69123649597168,8.1e-05,1000000,665
4.237548828125,21.783329010009766,8.1e-05,1000000,666
4.192342122395833,21.263813018798828,8.1e-05,1000000,667
4.073445638020833,21.467437744140625,8.1e-05,1000000,668
4.058349609375,22.064401626586914,8.1e-05,1000000,669
4.118896484375,21.73541831970215,8.1e-05,1000000,670
4.114013671875,21.105731964111328,8.1e-05,1000000,671
4.192464192708333,21.521488189697266,8.1e-05,1000000,672
4.155354817708333,21.362964630126953,8.1e-05,1000000,673
4.145060221354167,21.231800079345703,8.1e-05,1000000,674
4.273722330729167,21.03071403503418,8.1e-05,1000000,675
4.109944661458333,20.730403900146484,8.1e-05,1000000,676
4.098470052083333,21.21015167236328,8.1e-05,1000000,677
4.240966796875,20.79509735107422,8.1e-05,1000000,678
4.406656901041667,21.080215454101562,8.1e-05,1000000,679
4.2467041015625,22.133832931518555,8.1e-05,1000000,680
4.394612630208333,20.821399688720703,8.1e-05,1000000,681
4.272908528645833,21.55498504638672,8.1e-05,1000000,682
4.256266276041667,22.049367904663086,8.1e-05,1000000,683
4.4617919921875,22.137374877929688,8.1e-05,1000000,684
4.466959635416667,21.008691787719727,8.1e-05,1000000,685
4.330973307291667,20.837305068969727,8.1e-05,1000000,686
4.42333984375,22.3417911529541,8.1e-05,1000000,687
4.510986328125,21.511062622070312,8.1e-05,1000000,688
4.333943684895833,21.307846069335938,8.1e-05,1000000,689
4.3975830078125,22.171777725219727,8.1e-05,1000000,690
4.39990234375,21.463411331176758,8.1e-05,1000000,691
4.444132486979167,20.946266174316406,8.1e-05,1000000,692
4.431559244791667,21.952428817749023,8.1e-05,1000000,693
4.2967529296875,21.71075439453125,8.1e-05,1000000,694
4.535196940104167,21.174072265625,8.1e-05,1000000,695
4.371256510416667,21.645492553710938,8.1e-05,1000000,696
4.474527994791667,21.50901222229004,8.1e-05,1000000,697
4.570149739583333,20.923946380615234,8.1e-05,1000000,698
4.580647786458333,21.96261215209961,8.1e-05,1000000,699
4.484334309895833,21.3392333984375,8.1e-05,1000000,700
4.465861002604167,21.7221622467041,8.1e-05,1000000,701
4.472574869791667,22.349029541015625,8.1e-05,1000000,702
4.476114908854167,21.243289947509766,8.1e-05,1000000,703
4.527669270833333,21.712045669555664,8.1e-05,1000000,704
4.563517252604167,20.93172836303711,8.1e-05,1000000,705
4.529988606770833,21.029541015625,8.1e-05,1000000,706
4.646687825520833,20.975711822509766,8.1e-05,1000000,707
4.4517822265625,21.336408615112305,8.1e-05,1000000,708
4.578898111979167,20.882278442382812,8.1e-05,1000000,709
4.4869384765625,21.955413818359375,8.1e-05,1000000,710
4.442423502604167,21.914852142333984,8.1e-05,1000000,711
4.493245442708333,21.88065528869629,8.1e-05,1000000,712
4.4989013671875,21.362077713012695,8.1e-05,1000000,713
4.531494140625,21.410076141357422,8.1e-05,1000000,714
4.547648111979167,21.554086685180664,8.1e-05,1000000,715
4.53125,21.33421516418457,8.1e-05,1000000,716
4.655802408854167,21.65386199951172,8.1e-05,1000000,717
4.4466552734375,21.717594146728516,8.1e-05,1000000,718
4.4791259765625,21.813879013061523,8.1e-05,1000000,719
4.584635416666667,21.55893325805664,8.1e-05,1000000,720
4.662882486979167,21.74749755859375,8.1e-05,1000000,721
4.547281901041667,21.38011360168457,8.1e-05,1000000,722
4.506388346354167,21.642375946044922,8.1e-05,1000000,723
4.669230143229167,21.588972091674805,8.1e-05,1000000,724
4.51904296875,22.1461238861084,8.1e-05,1000000,725
4.634480794270833,21.53853416442871,8.1e-05,1000000,726
4.584309895833333,22.29780387878418,8.1e-05,1000000,727
4.705322265625,21.716875076293945,8.1e-05,1000000,728
4.580525716145833,21.336076736450195,8.1e-05,1000000,729
4.707804361979167,21.547685623168945,8.1e-05,1000000,730
4.721598307291667,22.031478881835938,8.1e-05,1000000,731
4.5921630859375,21.77204132080078,8.1e-05,1000000,732
4.483113606770833,21.54723358154297,8.1e-05,1000000,733
4.670654296875,22.12773323059082,8.1e-05,1000000,734
4.5947265625,21.64790153503418,8.1e-05,1000000,735
4.81396484375,21.714298248291016,8.1e-05,1000000,736
4.787109375,20.813331604003906,8.1e-05,1000000,737
4.8338623046875,22.020227432250977,8.1e-05,1000000,738
4.682047526041667,21.38896942138672,8.1e-05,1000000,739
4.688557942708333,21.492084503173828,8.1e-05,1000000,740
4.632975260416667,21.22747039794922,8.1e-05,1000000,741
4.848307291666667,21.673908233642578,8.1e-05,1000000,742
4.762776692708333,21.42106056213379,8.1e-05,1000000,743
4.823445638020833,21.160568237304688,8.1e-05,1000000,744
4.746175130208333,21.180583953857422,8.1e-05,1000000,745
4.867594401041667,21.689666748046875,8.1e-05,1000000,746
4.789469401041667,21.185932159423828,8.1e-05,1000000,747
4.8282470703125,21.719324111938477,8.1e-05,1000000,748
4.792561848958333,22.127321243286133,8.1e-05,1000000,749
4.867024739583333,22.23624610900879,8.1e-05,1000000,750
4.851033528645833,21.671146392822266,8.1e-05,1000000,751
4.8870849609375,21.694673538208008,8.1e-05,1000000,752
4.909383138020833,21.33238983154297,8.1e-05,1000000,753
4.836588541666667,21.908878326416016,8.1e-05,1000000,754
4.805582682291667,21.44916343688965,8.1e-05,1000000,755
4.8277587890625,21.342283248901367,8.1e-05,1000000,756
4.797526041666667,21.178037643432617,8.1e-05,1000000,757
4.849446614583333,21.533552169799805,8.1e-05,1000000,758
4.8741455078125,21.134841918945312,8.1e-05,1000000,759
4.866292317708333,22.197662353515625,8.1e-05,1000000,760
4.891438802083333,21.564239501953125,8.1e-05,1000000,761
4.9832763671875,21.593589782714844,8.1e-05,1000000,762
4.838704427083333,21.114912033081055,8.1e-05,1000000,763
5.050089518229167,20.95462417602539,8.1e-05,1000000,764
4.793050130208333,21.914161682128906,8.1e-05,1000000,765
4.876302083333333,21.536415100097656,8.1e-05,1000000,766
4.887858072916667,21.885303497314453,8.1e-05,1000000,767
4.6727294921875,21.520099639892578,8.1e-05,1000000,768
4.811564127604167,21.944290161132812,8.1e-05,1000000,769
4.750935872395833,21.86666488647461,8.1e-05,1000000,770
4.924967447916667,21.11008071899414,8.1e-05,1000000,771
4.8587646484375,20.686147689819336,8.1e-05,1000000,772
4.9300537109375,21.47492027282715,8.1e-05,1000000,773
4.899576822916667,20.840221405029297,8.1e-05,1000000,774
5.009114583333333,21.535118103027344,8.1e-05,1000000,775
4.91552734375,21.465728759765625,8.1e-05,1000000,776
4.932373046875,21.348522186279297,8.1e-05,1000000,777
5.045084635416667,21.93402862548828,8.1e-05,1000000,778
4.919474283854167,21.64012908935547,8.1e-05,1000000,779
4.942708333333333,21.770950317382812,8.1e-05,1000000,780
4.899088541666667,21.4356632232666,8.1e-05,1000000,781
4.929850260416667,21.29786491394043,8.1e-05,1000000,782
4.925048828125,21.6765193939209,8.1e-05,1000000,783
4.911580403645833,21.907686233520508,8.1e-05,1000000,784
5.184163411458333,21.925506591796875,8.1e-05,1000000,785
4.901285807291667,22.022750854492188,8.1e-05,1000000,786
4.936319986979167,22.44173812866211,8.1e-05,1000000,787
5.107584635416667,21.69463348388672,8.1e-05,1000000,788
5.067138671875,20.92261505126953,8.1e-05,1000000,789
4.979939778645833,20.7508544921875,8.1e-05,1000000,790
4.927490234375,21.82821273803711,8.1e-05,1000000,791
5.079671223958333,21.757366180419922,8.1e-05,1000000,792
4.981974283854167,21.362939834594727,8.1e-05,1000000,793
5.001017252604167,21.637775421142578,8.1e-05,1000000,794
4.929606119791667,21.812719345092773,8.1e-05,1000000,795
4.998087565104167,21.967660903930664,8.1e-05,1000000,796
4.997884114583333,21.352510452270508,8.1e-05,1000000,797
4.930704752604167,22.184139251708984,8.1e-05,1000000,798
4.9398193359375,22.632049560546875,8.1e-05,1000000,799
5.024169921875,21.695125579833984,8.1e-05,1000000,800
5.088907877604167,21.388160705566406,8.1e-05,1000000,801
5.05517578125,21.404415130615234,8.1e-05,1000000,802
5.053304036458333,21.64507484436035,8.1e-05,1000000,803
5.103271484375,21.6044921875,8.1e-05,1000000,804
5.0877685546875,20.707073211669922,8.1e-05,1000000,805
5.055216471354167,21.573392868041992,8.1e-05,1000000,806
5.019287109375,21.97208023071289,8.1e-05,1000000,807
4.977091471354167,20.866785049438477,8.1e-05,1000000,808
4.959757486979167,21.548009872436523,8.1e-05,1000000,809
5.149698893229167,22.471187591552734,8.1e-05,1000000,810
5.079833984375,21.834136962890625,8.1e-05,1000000,811
4.961832682291667,22.1109619140625,8.1e-05,1000000,812
5.074381510416667,21.168575286865234,8.1e-05,1000000,813
5.058186848958333,20.908628463745117,8.1e-05,1000000,814
5.192220052083333,21.914897918701172,8.1e-05,1000000,815
4.884236653645833,21.656005859375,8.1e-05,1000000,816
5.133056640625,22.014305114746094,8.1e-05,1000000,817
4.918863932291667,22.27503204345703,8.1e-05,1000000,818
5.1650390625,21.728256225585938,8.1e-05,1000000,819
5.115926106770833,20.90268898010254,8.1e-05,1000000,820
5.076822916666667,21.46466827392578,8.1e-05,1000000,821
5.0986328125,21.74148941040039,8.1e-05,1000000,822
5.2156982421875,21.539472579956055,8.1e-05,1000000,823
5.09912109375,21.268516540527344,8.1e-05,1000000,824
5.1729736328125,21.872133255004883,8.1e-05,1000000,825
5.036580403645833,22.050561904907227,8.1e-05,1000000,826
5.0875244140625,22.131547927856445,8.1e-05,1000000,827
5.024373372395833,21.746185302734375,8.1e-05,1000000,828
5.207234700520833,21.818504333496094,8.1e-05,1000000,829
5.026529947916667,21.412940979003906,8.1e-05,1000000,830
5.077433268229167,21.844091415405273,8.1e-05,1000000,831
5.0626220703125,21.7840576171875,8.1e-05,1000000,832
5.059285481770833,22.070680618286133,8.1e-05,1000000,833
5.0426025390625,21.367259979248047,8.1e-05,1000000,834
5.099568684895833,21.98701286315918,8.1e-05,1000000,835
5.0220947265625,21.518325805664062,8.1e-05,1000000,836
5.058512369791667,22.246126174926758,8.1e-05,1000000,837
5.061604817708333,22.120697021484375,8.1e-05,1000000,838
5.067952473958333,21.53028678894043,8.1e-05,1000000,839
5.0679931640625,22.142974853515625,8.1e-05,1000000,840
5.010009765625,22.330467224121094,8.1e-05,1000000,841
5.0201416015625,21.992816925048828,8.1e-05,1000000,842
5.19921875,21.46623992919922,8.1e-05,1000000,843
5.128377278645833,21.58597183227539,8.1e-05,1000000,844
5.025065104166667,21.202171325683594,8.1e-05,1000000,845
5.098103841145833,22.431047439575195,8.1e-05,1000000,846
5.053263346354167,21.835529327392578,8.1e-05,1000000,847
5.135945638020833,22.15134048461914,8.1e-05,1000000,848
5.039265950520833,21.62588882446289,8.1e-05,1000000,849
5.081217447916667,21.934728622436523,8.1e-05,1000000,850
5.09423828125,21.267139434814453,8.1e-05,1000000,851
5.113118489583333,21.60120964050293,8.1e-05,1000000,852
5.075887044270833,21.415172576904297,8.1e-05,1000000,853
5.115234375,21.49755096435547,8.1e-05,1000000,854
5.014892578125,21.79924201965332,8.1e-05,1000000,855
5.057576497395833,22.260635375976562,8.1e-05,1000000,856
5.072347005208333,21.72330093383789,8.1e-05,1000000,857
5.1708984375,21.97870445251465,8.1e-05,1000000,858
5.06396484375,21.677265167236328,8.1e-05,1000000,859
4.942911783854167,22.855792999267578,8.1e-05,1000000,860
5.129353841145833,21.908172607421875,8.1e-05,1000000,861
5.07666015625,21.199382781982422,8.1e-05,1000000,862
5.0477294921875,22.15629768371582,8.1e-05,1000000,863
5.141520182291667,22.59946060180664,8.1e-05,1000000,864
5.088175455729167,21.682519912719727,8.1e-05,1000000,865
5.089192708333333,21.857648849487305,8.1e-05,1000000,866
4.976888020833333,21.575122833251953,8.1e-05,1000000,867
5.159464518229167,22.508102416992188,8.1e-05,1000000,868
5.137491861979167,21.199546813964844,8.1e-05,1000000,869
5.048055013020833,22.587446212768555,8.1e-05,1000000,870
4.942708333333333,21.938018798828125,8.1e-05,1000000,871
5.018513997395833,21.465057373046875,8.1e-05,1000000,872
5.066243489583333,21.948837280273438,8.1e-05,1000000,873
5.109456380208333,22.067014694213867,8.1e-05,1000000,874
5.114827473958333,22.059778213500977,8.1e-05,1000000,875
5.183553059895833,22.14063262939453,8.1e-05,1000000,876
5.015584309895833,21.892173767089844,8.1e-05,1000000,877
4.94775390625,21.6136474609375,8.1e-05,1000000,878
5.0443115234375,22.033472061157227,8.1e-05,1000000,879
4.915974934895833,22.21685218811035,8.1e-05,1000000,880
5.165364583333333,22.336870193481445,8.1e-05,1000000,881
5.092569986979167,22.431766510009766,8.1e-05,1000000,882
5.058390299479167,21.715866088867188,8.1e-05,1000000,883
5.061482747395833,22.71955108642578,8.1e-05,1000000,884
5.095458984375,22.097570419311523,8.1e-05,1000000,885
5.112874348958333,21.969120025634766,8.1e-05,1000000,886
4.9630126953125,21.475276947021484,8.1e-05,1000000,887
4.997233072916667,22.256942749023438,8.1e-05,1000000,888
5.111328125,21.78083610534668,8.1e-05,1000000,889
4.8140869140625,22.030681610107422,8.1e-05,1000000,890
5.103434244791667,21.592063903808594,8.1e-05,1000000,891
4.9986572265625,21.73804473876953,8.1e-05,1000000,892
4.95947265625,22.003063201904297,8.1e-05,1000000,893
4.8902587890625,22.22809600830078,8.1e-05,1000000,894
4.936442057291667,21.761600494384766,8.1e-05,1000000,895
5.0361328125,22.29606819152832,8.1e-05,1000000,896
4.8929443359375,22.538450241088867,8.1e-05,1000000,897
4.877726236979167,22.49756622314453,8.1e-05,1000000,898
5.0697021484375,21.771703720092773,8.1e-05,1000000,899
5.003377278645833,22.940250396728516,8.1e-05,1000000,900
4.9595947265625,21.876697540283203,8.1e-05,1000000,901
5.012247721354167,21.924943923950195,8.1e-05,1000000,902
5.024332682291667,22.39720916748047,8.1e-05,1000000,903
5.113118489583333,22.539386749267578,8.1e-05,1000000,904
5.071818033854167,21.80597686767578,8.1e-05,1000000,905
4.893025716145833,22.685630798339844,8.1e-05,1000000,906
4.984212239583333,22.286148071289062,8.1e-05,1000000,907
4.970011393229167,22.39354705810547,8.1e-05,1000000,908
4.907185872395833,22.21660614013672,8.1e-05,1000000,909
4.993326822916667,21.956396102905273,8.1e-05,1000000,910
4.868408203125,21.899112701416016,8.1e-05,1000000,911
4.9859619140625,22.853012084960938,8.1e-05,1000000,912
4.911824544270833,22.262365341186523,8.1e-05,1000000,913
4.860595703125,22.561115264892578,8.1e-05,1000000,914
4.850504557291667,22.160314559936523,8.1e-05,1000000,915
5.032145182291667,21.690059661865234,8.1e-05,1000000,916
5.0487060546875,21.950401306152344,8.1e-05,1000000,917
4.919352213541667,22.095046997070312,8.1e-05,1000000,918
5.07666015625,22.22565460205078,8.1e-05,1000000,919
4.891398111979167,22.497711181640625,8.1e-05,1000000,920
4.870524088541667,21.71746063232422,8.1e-05,1000000,921
4.817220052083333,22.442949295043945,8.1e-05,1000000,922
4.8560791015625,22.64544105529785,8.1e-05,1000000,923
4.988566080729167,22.162914276123047,7.290000000000001e-05,1000000,924
4.787068684895833,22.47712516784668,7.290000000000001e-05,1000000,925
5.004231770833333,22.560821533203125,7.290000000000001e-05,1000000,926
4.897216796875,22.279708862304688,7.290000000000001e-05,1000000,927
4.890055338541667,22.696884155273438,7.290000000000001e-05,1000000,928
4.904459635416667,22.74267578125,7.290000000000001e-05,1000000,929
4.84228515625,21.978803634643555,7.290000000000001e-05,1000000,930
4.89453125,21.68320083618164,7.290000000000001e-05,1000000,931
4.754475911458333,22.10173225402832,7.290000000000001e-05,1000000,932
4.86279296875,22.684467315673828,7.290000000000001e-05,1000000,933
4.699625651041667,22.599851608276367,7.290000000000001e-05,1000000,934
4.814860026041667,22.11251449584961,7.290000000000001e-05,1000000,935
4.782633463541667,22.22314453125,7.290000000000001e-05,1000000,936
4.916097005208333,22.880239486694336,7.290000000000001e-05,1000000,937
4.845133463541667,22.129322052001953,7.290000000000001e-05,1000000,938
4.8419189453125,22.641799926757812,7.290000000000001e-05,1000000,939
4.785603841145833,22.07788848876953,7.290000000000001e-05,1000000,940
4.740763346354167,23.064430236816406,7.290000000000001e-05,1000000,941
4.755777994791667,23.028934478759766,7.290000000000001e-05,1000000,942
4.828653971354167,22.009571075439453,7.290000000000001e-05,1000000,943
4.8546142578125,21.98843002319336,7.290000000000001e-05,1000000,944
4.779988606770833,22.39638900756836,7.290000000000001e-05,1000000,945
4.681681315104167,22.180675506591797,7.290000000000001e-05,1000000,946
4.6546630859375,22.017248153686523,7.290000000000001e-05,1000000,947
4.7491455078125,22.107175827026367,7.290000000000001e-05,1000000,948
4.7821044921875,21.855205535888672,7.290000000000001e-05,1000000,949
4.7755126953125,22.327590942382812,7.290000000000001e-05,1000000,950
4.810221354166667,22.427440643310547,7.290000000000001e-05,1000000,951
4.786946614583333,23.488719940185547,7.290000000000001e-05,1000000,952
